Workbook

Sheet Capacity vs Delivery
A1: Capacity vs Delivery — FILTER · sprint-Bertha (Tue 20 Jan → Mon 02 Feb 2026)
A2: Team Composition (per Securly-PjM-Skills.md Part 2 — Filter India roster). Inactive members for this sprint window are shaded grey with a roster note.
A3: Name | B3: Role | C3: Function / Split | D3: Allocation (FTE) | E3: Seniority | F3: Employment | G3: Notes
A4: Shashank Tiwari | B4: Project Manager | C4: PM / Delivery | D4: 0 | E4: Lead | F4: FTE | G4: Not counted in delivery capacity
A5: Harsh Verma | B5: FE | C5: FrontEnd Architect (Angular) | D5: 1 | E5: Senior | F5: FTE
A6: Arun Thakur | B6: FE + Ext | C6: Angular / Extension | D6: 1 | E6: Medium | F6: FTE
A7: Harshada Kude | B7: FE | C7: Angular | D7: 1 | E7: Junior | F7: FTE
A8: Shailendra Singh | B8: FE | C8: Angular | D8: 1 | E8: Medium | F8: FTE
A9: Swaroop Chavhan | B9: FE + Ext | C9: Angular / Extension | D9: 1 | E9: Medium | F9: FTE
A10: Ashish Modak | B10: BE Architect | C10: Extension / Go / PHP | D10: 1 | E10: Senior | F10: FTE
A11: Prateek Fotedar | B11: BE (www) | C11: Go / PHP | D11: 1 | E11: Senior | F11: FTE
A12: Sagar Satpute | B12: BE (www) | C12: Go / PHP | D12: 1 | E12: Medium | F12: FTE
A13: Vaibhav Kumbhar | B13: BE | C13: Go / PHP | D13: 1 | E13: Medium | F13: FTE
A14: Ashish Temurnikar | B14: BE | C14: DNS / SPAC / Squid / Rust | D14: 1 | E14: Senior | F14: FTE
A15: Ravi Raj | B15: BE | C15: DNS / SPAC / Squid / Rust | D15: 1 | E15: Medium | F15: FTE
A16: Pratik Tiwari | B16: BE + Ext | C16: Extension / Go / Rust | D16: 1 | E16: Senior | F16: FTE
... A19: Ayesha Kamde | B19: QA | C19: Manual QA | D19: 1 | E19: Junior | F19: FTE
A20: Amol Mithari | B20: Auto QA Lead | C20: Team Lead — Auto QA / SDET | D20: 0 | E20: Lead | F20: FTE | G20: Joined team on 20-Feb-2026 — not part of this sprint
A21: Amit Shete | B21: Auto QA | C21: Pri. SDET | D21: 1 | E21: Senior | F21: FTE
A22: Rachit Mishra | B22: Auto QA | C22: SDET | D22: 1 | E22: Junior | F22: FTE
A23: Total FILTER allocation | D23: =SUM(D4:D22) | E23: FTE-equivalent heads available to FILTER
A25: Capacity Parameters (yellow cells are inputs — re-run the script after edits)
A26: Parameter | B26: Value | C26: Description
A27: Sprint length (working days) | B27: 10 | C27: FILTER 15-day sprint Tue → Mon. sprint-Bertha = 2026-01-20 → 2026-02-02.
A28: Company holidays in sprint | B28: 1 | C28: India calendar 2026 — 26-Jan: Republic Day
A29: Effective working days (sprint − company holidays) | B29: =B27-B28 | C29: Used as the per-person calendar for availability
A30: Hours per working day (nominal) | B30: 8 | C30: Standard working day
A31: Focus factor (productive fraction) | B31: 0.9 | C31: 90% — what SLT expects (sprint-analysis default)
A32: Misc buffer (meetings, scrums, code review, …) | B32: 0.2 | C32: 20% blanket reservation deducted from Available to get Net Available
A33: Effective hours per FTE per sprint | B33: =B29*B30*B31 | C33: =effective days × hrs/day × focus factor
A34: Allocated FTE on FILTER (active this sprint) | B34: 17 | C34: Headcount actually working this sprint (excludes joiners/leavers outside window)
A35: Ideal capacity for the sprint (hrs) | B35: =B33*B34 | C35: =effective hrs/FTE × allocated FTE
A36: Issue scope (Jira projects) | B36: FILTER, PTGM, FDSE | C36: Tickets pulled with `project in (FILTER, PTGM, FDSE) AND sprint = …` — FDSE: 11 · FILTER: 273 · PTGM: 21
A38: Capacity vs Actual Delivery — sprint-Bertha
A39: Metric | B39: Hours | C39: % of Ideal | D39: Rating | E39: Notes
A40: Actual Availability | B40: ='Per-person Delivery'!F19 | D40: =IF(C40="","",IF(C40>=0.85,"On Target",IF(C40>=0.7,"Below Target","Significantly Below"))) | E40: Sum of per-person availability (Ideal − leaves)
A41: Misc Buffer (20%) | B41: ='Per-person Delivery'!H19 | D41: =IF(C41="","",IF(C41>=0.85,"On Target",IF(C41>=0.7,"Below Target","Significantly Below"))) | E41: Reserved for meetings, scrums, code reviews
A42: Net Available (Available − Misc Buffer) | B42: ='Per-person Delivery'!I19 | D42: =IF(C42="","",IF(C42>=0.85,"On Target",IF(C42>=0.7,"Below Target","Significantly Below"))) | E42: Realistic delivery capacity — used as the denominator for Completed %
A43: Completed | B43: ='Per-person Delivery'!B19 | C43: =IFERROR(B43/B42,"") | D43: =IF(C43="","",IF(C43>=0.85,"On Target",IF(C43>=0.7,"Below Target","Significantly Below"))) | E43: Sum of in-sprint timeSpent (Completed bucket)
A44: Not Completed (Spillover) | B44: ='Per-person Delivery'!C19 | C44: =IFERROR(B44/B42,"") | D44: =IF(C44="","",IF(C44>=0.85,"On Target",IF(C44>=0.7,"Below Target","Significantly Below"))) | E44: Original estimate for spillover (carried into next sprint)
A45: Removed | B45: ='Per-person Delivery'!D19 | C45: =IFERROR(B45/B42,"") | D45: =IF(C45="","",IF(C45>=0.85,"On Target",IF(C45>=0.7,"Below Target","Significantly Below"))) | E45: Original estimate for issues removed mid-sprint
A47: Completed by Priority
A48: Tickets (parents) = unique parent items (Story / Task / Defect / Escape Defect) — subtasks roll up to their parent so 1 parent + 3 subtasks = 1 ticket. Tickets (incl. subtasks) = raw record count incl. every Dev / QA / Automation / Review / Test Case Creation / Debug subtask. Hours = sum across parents and subtasks; matches the core-team Completed hours on the Per-person Delivery sheet.
A49: Priority | B49: Tickets (parents) | C49: Tickets (incl. subtasks) | D49: Hours (incl. subtasks) | E49: % of Completed Hrs | F49: % of Tickets (parents) | G49: Notes
A50: P0 | B50: 3 | C50: 7 | D50: 26.5 | E50: =IFERROR(D50/1043.8400000000001,"") | F50: =IFERROR(B50/53,"") | G50: Critical / production halting
A51: P1 | B51: 13 | C51: 25 | D51: 146.02 | E51: =IFERROR(D51/1043.8400000000001,"") | F51: =IFERROR(B51/53,"") | G51: P1 — high priority (see P1 Escalation tab for escalations)
A52: P2 | B52: 6 | C52: 13 | D52: 91 | E52: =IFERROR(D52/1043.8400000000001,"") | F52: =IFERROR(B52/53,"") | G52: Major
A53: P3 | B53: 31 | C53: 100 | D53: 780.32 | E53: =IFERROR(D53/1043.8400000000001,"") | F53: =IFERROR(B53/53,"") | G53: Standard
A54: TOTAL | B54: 53 | C54: 145 | D54: 1043.84 | E54: 1 | F54: 1 | G54: Sum of Completed bucket (core roster)
A56: Sprint Completion (spillover = Not Completed)
A57: Metric | B57: Tickets | C57: Planned Hrs (OE) | D57: % by Tickets | E57: % by Hrs | F57: Notes
A58: Completed (closed in sprint) | B58: 145 | C58: 1034.5 | D58: =IFERROR(145/157,"") | E58: =IFERROR(1034.5/1035.0,"") | F58: In-sprint deliverables
A59: Spillover (not completed → carry-over) | B59: 12 | C59: 0.5 | D59: =IFERROR(12/157,"") | E59: =IFERROR(0.5/1035.0,"") | F59: Original estimate carried to next sprint
A60: Removed (mid-sprint scope cut) | B60: 12 | C60: 136 | D60: — | E60: — | F60: Excluded from completion ratio (out of scope)
A61: Mid-sprint additions (core) | B61: 14 | D61: — | E61: — | F61: Late-arriving work (Jira issueKeysAddedDuringSprint)
A63: Sprint completion rate (tickets) | B63: 0.92356688 | C63: On Target | D63: Completed ÷ (Completed + Spillover)
A64: Sprint completion rate (planned hrs) | B64: 0.99951691 | C64: On Target | D64: Σ OE Completed ÷ Σ OE (Completed + Spillover)
A65: Planned completion rate (tickets, excludes mid-sprint adds) | B65: 0.91724138 | C65: On Target | D65: Originally-committed tickets only
A66: Planned completion rate (planned hrs, excludes mid-sprint adds) | B66: 0.99944444 | C66: On Target | D66: Originally-committed planned hours only
A68: P1 Escalation snapshot
A69: 13 ticket(s) in sprint-Bertha match 'P1 Escalation' in the title — 12 closed, 1 still open. See the 'P1 Escalation' tab.
A71: Mid-sprint additions snapshot
A72: 14 ticket(s) were added to sprint-Bertha after it started (issueKeysAddedDuringSprint) — Completed 12, Spillover 0, Removed 2. Highlighted in amber on every detail sheet (Added Mid-Sprint = YES).
A74: Assumptions & caveats
A75: • Sprint window from Jira (/rest/agile/1.0/sprint/4667): 2026-01-20 → 2026-02-02 (10 Mon–Fri working days). Refresh with fetch_filter_sprint_meta.py + fetch_filter_sprint_issues.py.
A76: • Issues pulled from FILTER + PTGM + FDSE (project-scope expanded for the India scrum team's split across the three products).
A77: • Date-aware roster: Amol Mithari joined 20-Feb-2026; Rachit Mishra's last day was 20-Feb-2026. Inactive members for this sprint window are shaded grey in the Team Composition table and excluded from per-person availability + delivery.
A78: • Available (hrs) = (effective working days − leave days) × 8 × focus factor, where effective working days = sprint working days − company holidays falling inside the sprint − days outside the person's employment window. Per-person Delivery shows leave days in Column G to explain the delta from a full sprint.
A79: • Net Available = Available − 20% Misc Buffer for meetings, scrums, code review, etc. Completed/Not Completed/Removed % of capacity use Net Available as the denominator.
A80: • Time Spent on Completed sheet uses the in-sprint hybrid worklog rule (sprint-analysis.md): single-sprint = timespent; multi-sprint = SUM of worklogs whose started ∈ [sprintStart, sprintEnd].
A81: • Not Completed and Removed totals use Original Estimate.
... A89: • Ratings: ≥85% On Target (green), 70–85% Below Target (amber), <70% Significantly Below (red).

Sheet Per-person Delivery
A1: Assignee | B1: Completed (hrs) | C1: Not Completed (hrs) | D1: Removed (hrs) | E1: Efficiency | F1: Available (hrs) | G1: Leave Days (sprint) | H1: Misc Buffer 20% (hrs) | I1: Net Available (hrs)
A2: Harsh Verma | B2: 62 | C2: 0 | D2: 32 | E2: =IFERROR(B2/I2,"") | F2: 43.2 | G2: 3 | H2: =F2*0.2 | I2: =F2-H2
A3: Arun Thakur | B3: 14.5 | C3: 0.5 | D3: 0 | E3: =IFERROR(B3/I3,"") | F3: 36 | G3: 4 | H3: =F3*0.2 | I3: =F3-H3
A4: Harshada Kude | B4: 55.5 | C4: 0 | D4: 8 | E4: =IFERROR(B4/I4,"") | F4: 64.8 | G4: 0 | H4: =F4*0.2 | I4: =F4-H4
A5: Shailendra Singh | B5: 38 | C5: 0 | D5: 44 | E5: =IFERROR(B5/I5,"") | F5: 64.8 | G5: 0 | H5: =F5*0.2 | I5: =F5-H5
A6: Swaroop Chavhan | B6: 48 | C6: 0 | D6: 12 | E6: =IFERROR(B6/I6,"") | F6: 64.8 | G6: 0 | H6: =F6*0.2 | I6: =F6-H6
A7: Ashish Modak | B7: 42 | C7: 0 | D7: 0 | E7: =IFERROR(B7/I7,"") | F7: 64.8 | G7: 0 | H7: =F7*0.2 | I7: =F7-H7
A8: Prateek Fotedar | B8: 105.5 | C8: 0 | D8: 0 | E8: =IFERROR(B8/I8,"") | F8: 64.8 | G8: 0 | H8: =F8*0.2 | I8: =F8-H8
A9: Sagar Satpute | B9: 197 | C9: 0 | D9: 0 | E9: =IFERROR(B9/I9,"") | F9: 64.8 | G9: 0 | H9: =F9*0.2 | I9: =F9-H9
A10: Vaibhav Kumbhar | B10: 24 | C10: 0 | D10: 0 | E10: =IFERROR(B10/I10,"") | F10: 64.8 | G10: 0 | H10: =F10*0.2 | I10: =F10-H10
A11: Ashish Temurnikar | B11: 62 | C11: 0 | D11: 16 | E11: =IFERROR(B11/I11,"") | F11: 64.8 | G11: 0 | H11: =F11*0.2 | I11: =F11-H11
A12: Ravi Raj | B12: 88 | C12: 0 | D12: 12 | E12: =IFERROR(B12/I12,"") | F12: 64.8 | G12: 0 | H12: =F12*0.2 | I12: =F12-H12
A13: Pratik Tiwari | B13: 72 | C13: 0 | D13: 12 | E13: =IFERROR(B13/I13,"") | F13: 64.8 | G13: 0 | H13: =F13*0.2 | I13: =F13-H13
... A18: Rachit Mishra | B18: 48 | C18: 0 | D18: 0 | E18: =IFERROR(B18/I18,"") | F18: 64.8 | G18: 0 | H18: =F18*0.2 | I18: =F18-H18
A19: TOTAL | B19: =SUM(B2:B18) | C19: =SUM(C2:C18) | D19: =SUM(D2:D18) | E19: =IFERROR(B19/I19,"") | F19: =SUM(F2:F18) | G19: =SUM(G2:G18) | H19: =SUM(H2:H18) | I19: =SUM(I2:I18)

Sheet Completed
A1: Issue Type | B1: Issue key | C1: Summary | D1: Parent key | E1: Parent type | F1: Assignee | G1: Status | H1: Resolution | I1: Priority | J1: Created | K1: Resolved | L1: Updated | M1: Sprint | N1: Time Spent | O1: Original Est | P1: Project | Q1: Labels | R1: Blockers | S1: Added Mid-Sprint
A2: Debug | B2: FILTER-11747 | C2: Image Blur – NSFW Model Switch (InceptionV3 → MobileNetV2) | F2: Arun Thakur | G2: Closed | H2: Fixed | I2: P3 | J2: 46043 | K2: 46044 | L2: 46062 | M2: sprint-Bertha | N2: 8 | O2: 8 | P2: FILTER | Q2: unplanned-sprint | S2: YES
A3: Task | B3: FILTER-11787 | C3: Remove school.pepikutan.net - rammerhead from vector expansion config.json | F3: Arun Thakur | G3: Closed | I3: P3 | J3: 46045 | L3: 46128 | M3: sprint-Bertha | N3: 3 | O3: 3 | P3: FILTER | Q3: unplanned-sprint | S3: YES
A4: Escape Defect | B4: FILTER-7871 | C4: P1 Escalation-Shortcut SmartPAC bypass; --user-agent | Seattleschools | F4: Ashish Temurnikar | G4: Closed | H4: Expected behavior | I4: P1 | J4: 45758 | K4: 46041 | L4: 46062 | M4: sprint-Bertha | N4: 0 | O4: 0 | P4: FILTER | Q4: Reverified-2026, jira_added, jira_backlog, jira_closed_notify, jira_escalated, jira_in_progress, jira_open, jira_reopened, p1escalation, unplanned-sprint | S4: YES
A5: Escape Defect | B5: FILTER-11743 | C5: Restrict AI power mode in search engines setting is currently a configurable setting in policies | F5: Ayesha Kamde | G5: Done | H5: Done | I5: P3 | J5: 46042 | K5: 46055 | L5: 46127 | M5: sprint-Bertha | N5: 6 | O5: 0 | P5: FILTER | Q5: jira_added, jira_closed_notify, jira_done, jira_escalated, jira_p3, jira_qa_verified, unplanned-sprint | S5: YES
A6: Task | B6: FILTER-11695 | C6: Helping classroom team for PR review and Technical discussions | F6: Harsh Verma | G6: Closed | I6: P3 | J6: 46041 | L6: 46129 | M6: sprint-Bertha | N6: 4 | O6: 4 | P6: FILTER | Q6: unplanned-sprint | S6: YES
A7: Task | B7: FILTER-11696 | C7: Helping Home Team for the overall architecture of Parent Portal design Revamp and and AI Chat for their dashobard requirement | F7: Harsh Verma | G7: Closed | I7: P3 | J7: 46041 | L7: 46129 | M7: sprint-Bertha | N7: 24 | O7: 24 | P7: FILTER | Q7: unplanned-sprint | S7: YES
A8: Task | B8: FILTER-11698 | C8: Do a POC on CMS and its consumption in different products | F8: Harsh Verma | G8: Closed | I8: P3 | J8: 46041 | L8: 46129 | M8: sprint-Bertha | N8: 28 | O8: 40 | P8: FILTER | S8: YES
A9: Task | B9: FILTER-11770 | C9: Fix GitHub Action build issue | F9: Harsh Verma | G9: Closed | H9: Done | I9: P3 | J9: 46044 | K9: 46050 | L9: 46129 | M9: sprint-Bertha | N9: 6 | O9: 8 | P9: FILTER | Q9: unplanned-sprint | S9: YES
A10: Task | B10: FDSE-141 | C10: Cosume Label component | D10: FDSE-146 | E10: Epic | F10: Harshada Kude | G10: Resolved | H10: Fixed | I10: P3 | J10: 46013 | K10: 46044 | L10: 46045 | M10: sprint-Bertha | N10: 5.5 | O10: 8 | P10: FDSE | Q10: product-filter | S10: YES
A11: Task | B11: FILTER-11590 | C11: [sprox] unwrap handling in main.rs - main.rs modularisation part 3 | D11: FILTER-8230 | E11: Epic | F11: Pratik Tiwari | G11: Closed | I11: P2 | J11: 46027 | L11: 46128 | M11: sprint-Bertha | N11: 8 | O11: 8 | P11: FILTER | S11: YES
A12: Escape Defect | B12: FILTER-8535 | C12: P1 Escalation-Google search drag and drop bypass | F12: Pratik Tiwari | G12: Closed | H12: Cannot Reproduce | I12: P1 | J12: 45807 | K12: 46079 | L12: 46079 | M12: sprint-Bertha | N12: 24 | O12: 8 | P12: FILTER | Q12: Reverified-2025, jira_added, jira_backlog, jira_escalated, jira_qa_verified, p1escalation, unplanned-sprint | S12: YES
A13: Task | B13: FDSE-147 | C13: Datepicker Single Date and Date Range - UX enhancements, review comments | D13: FDSE-102 | E13: Epic | F13: Swaroop Chavhan | G13: Resolved | H13: Fixed | I13: P3 | J13: 46041 | K13: 46054 | L13: 46055 | M13: sprint-Bertha | N13: 32 | O13: 24 | P13: FDSE | Q13: product-filter | S13: YES
A14: QA | B14: FILTER-10858 | C14: QA - List of custom list (New API) | D14: FILTER-10835 | E14: Story | F14: Altamash Heroli | G14: QA Verified | I14: P3 | J14: 45982 | L14: 46035 | M14: sprint-Bertha | N14: 5 | O14: 5 | P14: FILTER | Q14: Capitalized-Feature
A15: QA | B15: FILTER-10861 | C15: QA - Get Resources of securly custom list (New API) | D15: FILTER-10835 | E15: Story | F15: Altamash Heroli | G15: QA Verified | I15: P3 | J15: 45982 | L15: 46031 | M15: sprint-Bertha | N15: 5 | O15: 4 | P15: FILTER | Q15: Capitalized-Feature
A16: QA | B16: FILTER-10864 | C16: Add/Update custom list (New API) | D16: FILTER-10835 | E16: Story | F16: Altamash Heroli | G16: QA Verified | I16: P3 | J16: 45982 | L16: 46031 | M16: sprint-Bertha | N16: 5 | O16: 4 | P16: FILTER | Q16: Capitalized-Feature
A17: QA | B17: FILTER-10867 | C17: QA - Delete custom list (New API) | D17: FILTER-10835 | E17: Story | F17: Altamash Heroli | G17: QA Verified | I17: P3 | J17: 45982 | L17: 46031 | M17: sprint-Bertha | N17: 5 | O17: 10 | P17: FILTER | Q17: Capitalized-Feature
A18: QA | B18: FILTER-10870 | C18: How to Handle sycing Error | D18: FILTER-10835 | E18: Story | F18: Altamash Heroli | G18: QA Verified | I18: P3 | J18: 45982 | L18: 46031 | M18: sprint-Bertha | N18: 5 | O18: 0 | P18: FILTER | Q18: Capitalized-Feature
A19: QA | B19: FILTER-10874 | C19: Link polices to custom list in case of update | D19: FILTER-10871 | E19: Story | F19: Altamash Heroli | G19: QA Verified | I19: P3 | J19: 45982 | L19: 46045 | M19: sprint-Bertha | N19: 3 | O19: 6 | P19: FILTER | Q19: Capitalized-Feature
A20: QA | B20: FILTER-10877 | C20: New Feature | Unlink polices to custom list in case of update | D20: FILTER-10871 | E20: Story | F20: Altamash Heroli | G20: QA Verified | I20: P3 | J20: 45982 | L20: 46045 | M20: sprint-Bertha | N20: 1 | O20: 6 | P20: FILTER | Q20: Capitalized-Feature
A21: QA | B21: FILTER-10881 | C21: New Feature | Add custom list (New API) | D21: FILTER-10878 | E21: Story | F21: Altamash Heroli | G21: QA Verified | I21: P3 | J21: 45982 | L21: 46045 | M21: sprint-Bertha | N21: 8 | O21: 10 | P21: FILTER | Q21: Capitalized-Feature
A22: QA | B22: FILTER-10884 | C22: New Feature | List of Policies (Might be existing API or New API) | D22: FILTER-10878 | E22: Story | F22: Altamash Heroli | G22: QA Verified | I22: P3 | J22: 45982 | L22: 46045 | M22: sprint-Bertha | N22: 1 | O22: 5 | P22: FILTER | Q22: Capitalized-Feature
A23: QA | B23: FILTER-10887 | C23: New Feature | Get custom list Details (New API) | D23: FILTER-10878 | E23: Story | F23: Altamash Heroli | G23: QA Verified | I23: P3 | J23: 45982 | L23: 46045 | M23: sprint-Bertha | N23: 3 | O23: 3 | P23: FILTER | Q23: Capitalized-Feature
A24: QA | B24: FILTER-10890 | C24: New Feature | Get custom list Resources (New API) | D24: FILTER-10878 | E24: Story | F24: Altamash Heroli | G24: QA Verified | I24: P3 | J24: 45982 | L24: 46045 | M24: sprint-Bertha | N24: 4 | O24: 5 | P24: FILTER | Q24: Capitalized-Feature
A25: QA | B25: FILTER-10893 | C25: New Feature | Get custom list Association (New API) | D25: FILTER-10878 | E25: Story | F25: Altamash Heroli | G25: QA Verified | I25: P3 | J25: 45982 | L25: 46045 | M25: sprint-Bertha | N25: 3 | O25: 3 | P25: FILTER | Q25: Capitalized-Feature
... A38: QA | B38: FILTER-11113 | C38: New Feature | Fetching allow/block list of policy | D38: FILTER-11098 | E38: Story | F38: Altamash Heroli | G38: QA Verified | I38: P3 | J38: 45992 | L38: 46049 | M38: sprint-Bertha | N38: 0.08 | O38: 2 | P38: FILTER | Q38: Capitalized-Feature
A39: QA | B39: FILTER-11209 | C39: QA - main.rs module separation part-2 | D39: FILTER-10743 | E39: Task | F39: Altamash Heroli | G39: Closed without action | I39: P3 | J39: 45994 | L39: 45999 | M39: sprint-Bertha | N39: 0 | O39: 0 | P39: FILTER
A40: QA | B40: FILTER-11281 | C40: QA - [sprox] SQS connection service implementation | D40: FILTER-10744 | E40: Task | F40: Altamash Heroli | G40: Closed without action | I40: P3 | J40: 45995 | L40: 45999 | M40: sprint-Bertha | N40: 0 | O40: 0 | P40: FILTER
A41: QA | B41: FILTER-11284 | C41: QA - [sprox] Td-Agent service implementation | D41: FILTER-10745 | E41: Task | F41: Altamash Heroli | G41: Closed without action | I41: P3 | J41: 45995 | L41: 45999 | M41: sprint-Bertha | N41: 0 | O41: 0 | P41: FILTER
A42: QA | B42: FILTER-11542 | C42: Manual QA Validation: Broker Stability and Log Audit (us-east-1 AL2) | D42: FILTER-11312 | E42: Escape Defect | F42: Altamash Heroli | G42: Closed without action | I42: P2 | J42: 46012 | L42: 46055 | M42: sprint-Bertha | N42: 0 | O42: 0 | P42: FILTER
A43: QA | B43: FILTER-11641 | C43: Manual QA Validation for Youtube Unrestricted mode | D43: FILTER-11638 | E43: Escape Defect | F43: Altamash Heroli | G43: Done | I43: P3 | J43: 46036 | L43: 46128 | M43: sprint-Bertha | N43: 1 | O43: 4 | P43: FILTER
A44: QA | B44: FILTER-11648 | C44: QA Task | P1 Escalation-Shortcut SmartPAC bypass; --user-agent | Seattleschools | D44: FILTER-7871 | E44: Escape Defect | F44: Altamash Heroli | G44: Closed without action | I44: P1 | J44: 46037 | L44: 46049 | M44: sprint-Bertha | N44: 0 | O44: 0 | P44: FILTER
A45: QA | B45: FILTER-11730 | C45: Manual QA task for retesting | D45: FILTER-11678 | E45: Defect | F45: Altamash Heroli | G45: Closed without action | I45: P0 | J45: 46042 | L45: 46042 | M45: sprint-Bertha | N45: 0 | O45: 0 | P45: FILTER
A46: QA | B46: FILTER-11738 | C46: QA Task for retest | D46: FILTER-11689 | E46: Defect | F46: Altamash Heroli | G46: QA Verified | I46: P1 | J46: 46042 | L46: 46065 | M46: sprint-Bertha | N46: 1 | O46: 1 | P46: FILTER | Q46: Capitalized-Feature
A47: QA | B47: FILTER-11739 | C47: QA task for retest | D47: FILTER-11690 | E47: Defect | F47: Altamash Heroli | G47: Done | I47: P1 | J47: 46042 | L47: 46065 | M47: sprint-Bertha | N47: 1.02 | O47: 1 | P47: FILTER | Q47: Capitalized-Feature
A48: Automation | B48: FILTER-10857 | C48: Automation - List of custom list (New API) | D48: FILTER-10835 | E48: Story | F48: Amit Shete | G48: Done | I48: P3 | J48: 45982 | L48: 46031 | M48: sprint-Bertha | N48: 8.5 | O48: 8 | P48: FILTER | Q48: Capitalized-Feature
A49: Automation | B49: FILTER-10860 | C49: Automation - Get Resources of securly custom list (New API) | D49: FILTER-10835 | E49: Story | F49: Amit Shete | G49: Done | I49: P3 | J49: 45982 | L49: 46031 | M49: sprint-Bertha | N49: 6 | O49: 5 | P49: FILTER | Q49: Capitalized-Feature
A50: Automation | B50: FILTER-10863 | C50: Add/Update custom list (New API) | D50: FILTER-10835 | E50: Story | F50: Amit Shete | G50: Done | I50: P3 | J50: 45982 | L50: 46031 | M50: sprint-Bertha | N50: 4.5 | O50: 5 | P50: FILTER | Q50: Capitalized-Feature
A51: Automation | B51: FILTER-10866 | C51: Automation - Delete custom list (New API) | D51: FILTER-10835 | E51: Story | F51: Amit Shete | G51: Done | I51: P3 | J51: 45982 | L51: 46031 | M51: sprint-Bertha | N51: 3.5 | O51: 4 | P51: FILTER | Q51: Capitalized-Feature
A52: Automation | B52: FILTER-10869 | C52: How to Handle sycing Error | D52: FILTER-10835 | E52: Story | F52: Amit Shete | G52: Done | I52: P3 | J52: 45982 | L52: 46056 | M52: sprint-Bertha | N52: 6 | O52: 6 | P52: FILTER | Q52: Capitalized-Feature
A53: Automation | B53: FILTER-11089 | C53: New Feature | Local Custom Lists (FID-specific) | D53: FILTER-11087 | E53: Story | F53: Amit Shete | G53: Done | I53: P3 | J53: 45992 | L53: 46055 | M53: sprint-Bertha | N53: 4.5 | O53: 5 | P53: FILTER | Q53: Capitalized-Feature
A54: Automation | B54: FILTER-11092 | C54: New Feature | Global Custom Lists (Shared Across FIDs) | D54: FILTER-11087 | E54: Story | F54: Amit Shete | G54: Done | I54: P3 | J54: 45992 | L54: 46055 | M54: sprint-Bertha | N54: 4.5 | O54: 5 | P54: FILTER | Q54: Capitalized-Feature
A55: Automation | B55: FILTER-11468 | C55: Automation task for backmerge to TS Extension FILTER-8535 | D55: FILTER-11465 | E55: Task | F55: Amit Shete | G55: Closed without action | I55: P3 | J55: 46009 | L55: 46037 | M55: sprint-Bertha | N55: 0 | O55: 0 | P55: FILTER
A56: Automation | B56: FILTER-11541 | C56: Automated P1 Regression: Stress Test Broker with Malformed Time Strings and Null Auth | D56: FILTER-11312 | E56: Escape Defect | F56: Amit Shete | G56: Closed without action | I56: P2 | J56: 46012 | L56: 46056 | M56: sprint-Bertha | N56: 0 | O56: 6 | P56: FILTER
A57: Automation | B57: FILTER-11663 | C57: Create Automated Tests for iOS Image Sidebar Inappropriate Image Leak Fix | D57: FILTER-11644 | E57: Escape Defect | F57: Amit Shete | G57: Closed without action | I57: P1 | J57: 46037 | L57: 46056 | M57: sprint-Bertha | N57: 0 | O57: 5 | P57: FILTER
A58: Defect | B58: FILTER-10624 | C58: NewFeatureBug: Block page shows blurred image and Image results do not show info | F58: Arun Thakur | G58: RELEASED TO PROD | H58: Fixed | I58: P3 | J58: 45966 | K58: 45967 | L58: 46065 | M58: sprint-Bertha | N58: 0.5 | O58: 0.5 | P58: FILTER | Q58: unplanned-sprint
A59: Dev | B59: FILTER-11917 | C59: Remove school.pepikutan.net - rammerhead from vector expansion config.json | D59: FILTER-11787 | E59: Task | F59: Arun Thakur | G59: Done | I59: P3 | J59: 46055 | L59: 46055 | M59: sprint-Bertha | N59: 3 | O59: 3 | P59: FILTER
A60: Escape Defect | B60: FILTER-10237 | C60: P1 escalation-Crextn-specific Bypass using upgraded credentials | F60: Ashish Modak | G60: Release in Progress | H60: Fixed | I60: P1 | J60: 45926 | K60: 45981 | L60: 46056 | M60: sprint-Bertha | N60: 6 | O60: 6 | P60: FILTER | Q60: Reverified-2025, jira_added, jira_backlog, jira_escalated, jira_in_progress, p1escalation, unplanned-sprint
A61: Dev | B61: FILTER-11377 | C61: Broker Logic Fix: Prevent Managed Chromebooks from Redirecting to DNS Broker when DNS Bit is ON | D61: FILTER-11325 | E61: Story | F61: Ashish Modak | G61: Done | I61: P1 | J61: 46000 | L61: 46049 | M61: sprint-Bertha | N61: 12 | O61: 12 | P61: FILTER
A62: Dev | B62: FILTER-11391 | C62: Fix CKEC Filter Bypass: Intercept Navigation from chrome://chrome-signin Internal Pages | D62: FILTER-11047 | E62: Escape Defect | F62: Ashish Modak | G62: Done | I62: P1 | J62: 46000 | L62: 46049 | M62: sprint-Bertha | N62: 16 | O62: 16 | P62: FILTER
A63: Dev | B63: FILTER-11810 | C63: [Extension] POC to avoid double filtering on Managed chromebooks. | D63: FILTER-11325 | E63: Story | F63: Ashish Modak | G63: Done | I63: P3 | J63: 46050 | L63: 46050 | M63: sprint-Bertha | N63: 8 | O63: 8 | P63: FILTER
A64: Dev | B64: FILTER-11279 | C64: [sprox] SQS connection service implementation | D64: FILTER-10744 | E64: Task | F64: Ashish Temurnikar | G64: Done | I64: P3 | J64: 45995 | L64: 46055 | M64: sprint-Bertha | N64: 16 | O64: 8 | P64: FILTER
A65: Dev | B65: FILTER-11282 | C65: [sprox] Td-Agent service implementation | D65: FILTER-10745 | E65: Task | F65: Ashish Temurnikar | G65: Done | I65: P3 | J65: 45995 | L65: 46055 | M65: sprint-Bertha | N65: 16 | O65: 8 | P65: FILTER
A66: Dev | B66: FILTER-11647 | C66: P1 Escalation-Shortcut SmartPAC bypass; --user-agent | Seattleschools | D66: FILTER-7871 | E66: Escape Defect | F66: Ashish Temurnikar | G66: Closed without action | I66: P1 | J66: 46037 | L66: 46049 | M66: sprint-Bertha | N66: 0 | O66: 0 | P66: FILTER
A67: Dev | B67: FILTER-11662 | C67: Fix Image Sidebar Leaking Inappropriate Images on iOS (iPadOS/Safari) | D67: FILTER-11644 | E67: Escape Defect | F67: Ashish Temurnikar | G67: Done | I67: P1 | J67: 46037 | L67: 46051 | M67: sprint-Bertha | N67: 12 | O67: 12 | P67: FILTER
A68: Dev | B68: FILTER-11681 | C68: [SPAC] Domains request from SPAC to Pagescan | D68: FILTER-11680 | E68: Escape Defect | F68: Ashish Temurnikar | G68: Done | I68: P1 | J68: 46038 | L68: 46043 | M68: sprint-Bertha | N68: 10 | O68: 8 | P68: FILTER
A69: Dev | B69: FILTER-11809 | C69: [dns/spac] Squid logic to check extension variable in url | D69: FILTER-11325 | E69: Story | F69: Ashish Temurnikar | G69: Done | I69: P3 | J69: 46050 | L69: 46051 | M69: sprint-Bertha | N69: 8 | O69: 6 | P69: FILTER
A70: QA | B70: FILTER-11509 | C70: Manual QA Validation: Verify Activity Log Consistency for Eaglercraft (US East2) | D70: FILTER-10069 | E70: Escape Defect | F70: Ayesha Kamde | G70: Done | I70: P3 | J70: 46010 | L70: 46055 | M70: sprint-Bertha | N70: 2 | O70: 2 | P70: FILTER
A71: QA | B71: FILTER-11576 | C71: Manual QA Validation: Broker Stability Audit & Log Monitoring | D71: FILTER-11478 | E71: Escape Defect | F71: Ayesha Kamde | G71: Done | I71: P1 | J71: 46027 | L71: 46031 | M71: sprint-Bertha | N71: 4 | O71: 4 | P71: FILTER
A72: QA | B72: FILTER-11594 | C72: QA - P1 Escalation-Copy & Paste movie script into search bar breaks extension | D72: FILTER-11557 | E72: Escape Defect | F72: Ayesha Kamde | G72: Done | I72: P1 | J72: 46028 | L72: 46052 | M72: sprint-Bertha | N72: 4 | O72: 3 | P72: FILTER
... A77: QA | B77: FILTER-11823 | C77: Post release validation for FILTER-6563 | D77: FILTER-11822 | E77: Task | F77: Ayesha Kamde | G77: Done | I77: P3 | J77: 46051 | L77: 46051 | M77: sprint-Bertha | N77: 6 | O77: 10 | P77: FILTER
A78: Task | B78: FDSE-140 | C78: Implementation of Simple dropdown component with all the defined guidelines | D78: FDSE-139 | E78: Epic | F78: Harshada Kude | G78: Resolved | H78: Fixed | I78: P3 | J78: 46000 | K78: 46055 | L78: 46055 | M78: sprint-Bertha | N78: 38 | O78: 32 | P78: FDSE
A79: Debug | B79: FILTER-11584 | C79: Dev Task - [Dependabot issues]Upgrade jspdf-autotable npm library to latest version (5.0) | F79: Harshada Kude | G79: Closed | I79: P3 | J79: 46027 | L79: 46055 | M79: sprint-Bertha | N79: 12 | O79: 14 | P79: FILTER
A80: Dev | B80: FILTER-10854 | C80: List of custom list (New API) | D80: FILTER-10835 | E80: Story | F80: Prateek Fotedar | G80: Done | I80: P3 | J80: 45982 | L80: 46044 | M80: sprint-Bertha | N80: 7 | O80: 7 | P80: FILTER | Q80: Capitalized-Feature
A81: Dev | B81: FILTER-10859 | C81: Get Resources of Securly custom list (New API) | D81: FILTER-10835 | E81: Story | F81: Prateek Fotedar | G81: Done | I81: P3 | J81: 45982 | L81: 46044 | M81: sprint-Bertha | N81: 6 | O81: 6 | P81: FILTER | Q81: Capitalized-Feature
A82: Dev | B82: FILTER-10862 | C82: Add/Update custom list (New API) | D82: FILTER-10835 | E82: Story | F82: Prateek Fotedar | G82: Done | I82: P3 | J82: 45982 | L82: 46044 | M82: sprint-Bertha | N82: 4 | O82: 4 | P82: FILTER | Q82: Capitalized-Feature
A83: Dev | B83: FILTER-10865 | C83: Delete custom list (New API) | D83: FILTER-10835 | E83: Story | F83: Prateek Fotedar | G83: Done | I83: P3 | J83: 45982 | L83: 46044 | M83: sprint-Bertha | N83: 4 | O83: 4 | P83: FILTER | Q83: Capitalized-Feature
A84: Dev | B84: FILTER-10868 | C84: How to Handle sycing Error | D84: FILTER-10835 | E84: Story | F84: Prateek Fotedar | G84: Done | I84: P3 | J84: 45982 | L84: 46044 | M84: sprint-Bertha | N84: 7 | O84: 7 | P84: FILTER | Q84: Capitalized-Feature
A85: Dev | B85: FILTER-10872 | C85: Link polices to custom list in case of update | D85: FILTER-10871 | E85: Story | F85: Prateek Fotedar | G85: Done | I85: P3 | J85: 45982 | L85: 46043 | M85: sprint-Bertha | N85: 8 | O85: 8 | P85: FILTER | Q85: Capitalized-Feature
A86: Dev | B86: FILTER-10875 | C86: Unlink polices to custom list in case of update | D86: FILTER-10871 | E86: Story | F86: Prateek Fotedar | G86: Done | I86: P3 | J86: 45982 | L86: 46043 | M86: sprint-Bertha | N86: 8 | O86: 8 | P86: FILTER | Q86: Capitalized-Feature
A87: Dev | B87: FILTER-10882 | C87: List of Policies (Might be existing API or New API) | D87: FILTER-10878 | E87: Story | F87: Prateek Fotedar | G87: Done | I87: P3 | J87: 45982 | L87: 46043 | M87: sprint-Bertha | N87: 7 | O87: 8 | P87: FILTER | Q87: Capitalized-Feature
A88: Dev | B88: FILTER-11075 | C88: Add resource in custom list (New API) | D88: FILTER-11074 | E88: Story | F88: Prateek Fotedar | G88: Done | I88: P3 | J88: 45992 | L88: 46043 | M88: sprint-Bertha | N88: 8 | O88: 8 | P88: FILTER | Q88: Capitalized-Feature
A89: Dev | B89: FILTER-11078 | C89: Update resource of custom list (New API) | D89: FILTER-11074 | E89: Story | F89: Prateek Fotedar | G89: Done | I89: P3 | J89: 45992 | L89: 46043 | M89: sprint-Bertha | N89: 10 | O89: 10 | P89: FILTER | Q89: Capitalized-Feature
A90: Dev | B90: FILTER-11081 | C90: New Feature | Delete resource or resource note from custom list (New API) | D90: FILTER-11074 | E90: Story | F90: Prateek Fotedar | G90: Done | I90: P3 | J90: 45992 | L90: 46043 | M90: sprint-Bertha | N90: 14 | O90: 14 | P90: FILTER | Q90: Capitalized-Feature
A91: Dev | B91: FILTER-11084 | C91: New Feature | Clone Custom list (New API) | D91: FILTER-11074 | E91: Story | F91: Prateek Fotedar | G91: Done | I91: P3 | J91: 45992 | L91: 46043 | M91: sprint-Bertha | N91: 14 | O91: 14 | P91: FILTER | Q91: Capitalized-Feature
A92: Dev | B92: FILTER-11683 | C92: Investigate and fix 400 Bad Request error in PUT /api/custom-list/resource API | D92: FILTER-11678 | E92: Defect | F92: Prateek Fotedar | G92: Closed without action | I92: P0 | J92: 46038 | L92: 46038 | M92: sprint-Bertha | N92: 1.5 | O92: 1.5 | P92: FILTER
A93: Dev | B93: FILTER-11699 | C93: Fix issues for custom list | D93: FILTER-11689 | E93: Defect | F93: Prateek Fotedar | G93: Done | I93: P1 | J93: 46041 | L93: 46065 | M93: sprint-Bertha | N93: 5 | O93: 5 | P93: FILTER | Q93: Capitalized-Feature
A94: Dev | B94: FILTER-11703 | C94: Investigate and fix API logic to prevent linking the same custom list to the same policy with both ALLOW and BLOCK association types | D94: FILTER-11690 | E94: Defect | F94: Prateek Fotedar | G94: Done | I94: P1 | J94: 46041 | L94: 46065 | M94: sprint-Bertha | N94: 2 | O94: 2 | P94: FILTER | Q94: Capitalized-Feature
A95: Task | B95: FILTER-10743 | C95: [sprox] main.rs module separation part-2 | D95: FILTER-8230 | E95: Epic | F95: Pratik Tiwari | G95: Closed | I95: P2 | J95: 45971 | L95: 46128 | M95: sprint-Bertha | N95: 0 | O95: 10 | P95: FILTER
A96: Dev | B96: FILTER-11351 | C96: [sprox] main.rs module separation part-2 | D96: FILTER-10743 | E96: Task | F96: Pratik Tiwari | G96: Closed without action | I96: P3 | J96: 45999 | L96: 46048 | M96: sprint-Bertha | N96: 0 | O96: 8 | P96: FILTER
A97: Dev | B97: FILTER-11384 | C97: Fix CRXTN/YouTube Stuck Overlay in Fail Open Mode | D97: FILTER-10842 | E97: Defect | F97: Pratik Tiwari | G97: Closed without action | I97: P1 | J97: 46000 | L97: 46033 | M97: sprint-Bertha | N97: 0 | O97: 12 | P97: FILTER
A98: Dev | B98: FILTER-11466 | C98: Dev Task for Backmerge to TS Extension FILTER-8535 | D98: FILTER-11465 | E98: Task | F98: Pratik Tiwari | G98: Closed without action | I98: P3 | J98: 46009 | L98: 46038 | M98: sprint-Bertha | N98: 0 | O98: 6 | P98: FILTER
A99: Dev | B99: FILTER-11591 | C99: unwrap handling in main.rs | D99: FILTER-11590 | E99: Task | F99: Pratik Tiwari | G99: Done | I99: P3 | J99: 46027 | L99: 46056 | M99: sprint-Bertha | N99: 8 | O99: 8 | P99: FILTER
A100: Dev | B100: FILTER-11593 | C100: P1 Escalation-Copy & Paste movie script into search bar breaks extension | D100: FILTER-11557 | E100: Escape Defect | F100: Pratik Tiwari | G100: Done | I100: P1 | J100: 46028 | L100: 46050 | M100: sprint-Bertha | N100: 16 | O100: 12 | P100: FILTER
A101: Task | B101: FILTER-11714 | C101: [sprox] Implementation of Github action & workflow decisions | D101: FILTER-8230 | E101: Epic | F101: Pratik Tiwari | G101: Closed | I101: P3 | J101: 46041 | L101: 46056 | M101: sprint-Bertha | N101: 8 | O101: 8 | P101: FILTER
A102: Dev | B102: FILTER-11721 | C102: [sprox] Implementation of Github action & workflow decisions | D102: FILTER-11714 | E102: Task | F102: Pratik Tiwari | G102: Done | I102: P3 | J102: 46041 | L102: 46056 | M102: sprint-Bertha | N102: 8 | O102: 8 | P102: FILTER
A103: Automation | B103: FILTER-10880 | C103: New Feature | Add custom list (New API) | D103: FILTER-10878 | E103: Story | F103: Rachit Mishra | G103: Done | I103: P3 | J103: 45982 | L103: 46043 | M103: sprint-Bertha | N103: 7.5 | O103: 8 | P103: FILTER | Q103: Capitalized-Feature
A104: Automation | B104: FILTER-10886 | C104: New Feature | Get custom list Details (New API) | D104: FILTER-10878 | E104: Story | F104: Rachit Mishra | G104: Done | I104: P3 | J104: 45982 | L104: 46043 | M104: sprint-Bertha | N104: 7 | O104: 8 | P104: FILTER | Q104: Capitalized-Feature
A105: Automation | B105: FILTER-10889 | C105: New Feature | Get custom list Resources (New API) | D105: FILTER-10878 | E105: Story | F105: Rachit Mishra | G105: Done | I105: P3 | J105: 45982 | L105: 46043 | M105: sprint-Bertha | N105: 5 | O105: 6 | P105: FILTER | Q105: Capitalized-Feature
A106: Automation | B106: FILTER-10895 | C106: New Feature | Update Custom List (New API) | D106: FILTER-10878 | E106: Story | F106: Rachit Mishra | G106: Done | I106: P3 | J106: 45982 | L106: 46043 | M106: sprint-Bertha | N106: 8 | O106: 7 | P106: FILTER | Q106: Capitalized-Feature
A107: Automation | B107: FILTER-10898 | C107: New Feature | Delete Custom List (New API) | D107: FILTER-10878 | E107: Story | F107: Rachit Mishra | G107: Done | I107: P3 | J107: 45982 | L107: 46043 | M107: sprint-Bertha | N107: 6.5 | O107: 7 | P107: FILTER | Q107: Capitalized-Feature
A108: Automation | B108: FILTER-11508 | C108: Automated E2E Regression: Validate Log Status for Blocked PAC Domains | D108: FILTER-10069 | E108: Escape Defect | F108: Rachit Mishra | G108: Done | I108: P3 | J108: 46010 | L108: 46056 | M108: sprint-Bertha | N108: 3 | O108: 6 | P108: FILTER
A109: Automation | B109: FILTER-11728 | C109: Unplanned Automation execution request during the sprint-Bertha | D109: FILTER-11727 | E109: Task | F109: Rachit Mishra | G109: Done | I109: P3 | J109: 46042 | L109: 46048 | M109: sprint-Bertha | N109: 5 | O109: 5 | P109: FILTER
A110: Automation | B110: FILTER-11729 | C110: Unplanned automation execution request during the sprint-Bertha | D110: FILTER-11727 | E110: Task | F110: Rachit Mishra | G110: Done | I110: P3 | J110: 46042 | L110: 46051 | M110: sprint-Bertha | N110: 5 | O110: 6 | P110: FILTER
A111: QA | B111: FILTER-11746 | C111: Fix UA parsing errors for valid UAs | D111: FILTER-11685 | E111: Escape Defect | F111: Rachit Mishra | G111: Done | I111: P1 | J111: 46042 | L111: 46051 | M111: sprint-Bertha | N111: 1 | O111: 1 | P111: FILTER
A112: Dev | B112: FILTER-11573 | C112: [sprox] Function translation to sprox - Part 3 | D112: FILTER-11592 | E112: Task | F112: Ravi Raj | G112: Done | I112: P3 | J112: 46026 | L112: 46055 | M112: sprint-Bertha | N112: 24 | O112: 16 | P112: FILTER
A113: Task | B113: FILTER-11592 | C113: [sprox] Function translation to sprox - Part 3 | F113: Ravi Raj | G113: Closed | I113: P2 | J113: 46027 | L113: 46128 | M113: sprint-Bertha | N113: 24 | O113: 1 | P113: FILTER
A114: Task | B114: FILTER-11716 | C114: [sprox] Broker & Blocked redirection implementation with interpret header call | D114: FILTER-8230 | E114: Epic | F114: Ravi Raj | G114: Closed | I114: P3 | J114: 46041 | L114: 46055 | M114: sprint-Bertha | N114: 20 | O114: 1 | P114: FILTER | Q114: unplanned-sprint
A115: Dev | B115: FILTER-11719 | C115: [sprox] Broker & Blocked redirection implementation with interpret header call | D115: FILTER-11716 | E115: Task | F115: Ravi Raj | G115: Done | I115: P3 | J115: 46041 | L115: 46055 | M115: sprint-Bertha | N115: 20 | O115: 16 | P115: FILTER
A116: Dev | B116: FILTER-10879 | C116: Add custom list (New API) | D116: FILTER-10878 | E116: Story | F116: Sagar Satpute | G116: Done | I116: P3 | J116: 45982 | L116: 46043 | M116: sprint-Bertha | N116: 28 | O116: 24 | P116: FILTER | Q116: Capitalized-Feature
...

Sheet Not Completed
A1: Issue Type | B1: Issue key | C1: Summary | D1: Parent key | E1: Parent type | F1: Assignee | G1: Status | H1: Resolution | I1: Priority | J1: Created | K1: Resolved | L1: Updated | M1: Sprint | N1: Time Spent | O1: Original Est | P1: Project | Q1: Labels | R1: Blockers | S1: Added Mid-Sprint
A2: Code Review | B2: FILTER-11311 | C2: Review PR for the REL : REL-10348 | F2: Arun Thakur | G2: Backlog | I2: P3 | J2: 45995 | L2: 46056 | M2: sprint-Bertha | N2: 0 | O2: 0.25 | P2: FILTER
A3: Code Review | B3: FILTER-11327 | C3: Review PR for the REL : REL-10355 | F3: Arun Thakur | G3: Backlog | I3: P3 | J3: 45996 | L3: 46056 | M3: sprint-Bertha | N3: 0 | O3: 0.25 | P3: FILTER
A4: Code Review | B4: FILTER-11406 | C4: Review PR for the REL : REL-10361 | F4: Arun Thakur | G4: Backlog | I4: P3 | J4: 46001 | L4: 46056 | M4: sprint-Bertha | N4: 0 | O4: 0 | P4: FILTER
A5: Code Review | B5: FILTER-11063 | C5: Review PR for the REL : REL-10254 | F5: Harsh Verma | G5: Backlog | I5: P3 | J5: 45989 | L5: 46056 | M5: sprint-Bertha | N5: 0 | O5: 0 | P5: FILTER
A6: Code Review | B6: FILTER-11427 | C6: Review PR for the REL : REL-10316 | F6: Harsh Verma | G6: Backlog | I6: P3 | J6: 46002 | L6: 46056 | M6: sprint-Bertha | N6: 0 | O6: 0 | P6: FILTER
A7: Code Review | B7: FILTER-11303 | C7: Review PR for the REL : REL-10345 | F7: Pratik Tiwari | G7: Backlog | I7: P3 | J7: 45995 | L7: 46056 | M7: sprint-Bertha | N7: 0 | O7: 0 | P7: FILTER
A8: Code Review | B8: FILTER-11310 | C8: Review PR for the REL : REL-10321 | F8: Pratik Tiwari | G8: Backlog | I8: P3 | J8: 45995 | L8: 46056 | M8: sprint-Bertha | N8: 0 | O8: 0 | P8: FILTER
A9: Code Review | B9: FILTER-11404 | C9: Review PR for the REL : REL-10361 | F9: Pratik Tiwari | G9: Backlog | I9: P3 | J9: 46001 | L9: 46056 | M9: sprint-Bertha | N9: 0 | O9: 0 | P9: FILTER
A10: Code Review | B10: FILTER-11064 | C10: Review PR for the REL : REL-10254 | F10: Swaroop Chavhan | G10: Backlog | I10: P3 | J10: 45989 | L10: 46056 | M10: sprint-Bertha | N10: 0 | O10: 0 | P10: FILTER
A11: Code Review | B11: FILTER-11301 | C11: Review PR for the REL : REL-10345 | F11: Swaroop Chavhan | G11: Backlog | I11: P3 | J11: 45995 | L11: 46056 | M11: sprint-Bertha | N11: 0 | O11: 0 | P11: FILTER
A12: Code Review | B12: FILTER-11372 | C12: Review PR for the REL : REL-10198 | F12: Swaroop Chavhan | G12: Backlog | I12: P3 | J12: 46000 | L12: 46056 | M12: sprint-Bertha | N12: 0 | O12: 0 | P12: FILTER
A13: Code Review | B13: FILTER-11405 | C13: Review PR for the REL : REL-10361 | F13: Swaroop Chavhan | G13: Backlog | I13: P3 | J13: 46001 | L13: 46056 | M13: sprint-Bertha | N13: 0 | O13: 0 | P13: FILTER

Sheet Removed
A1: Issue Type | B1: Issue key | C1: Summary | D1: Parent key | E1: Parent type | F1: Assignee | G1: Status | H1: Resolution | I1: Priority | J1: Created | K1: Resolved | L1: Updated | M1: Sprint | N1: Time Spent | O1: Original Est | P1: Project | Q1: Labels | R1: Blockers | S1: Added Mid-Sprint
A2: Task | B2: FILTER-11697 | C2: Extension of FILTER-11605 | F2: Harsh Verma | G2: In Progress | I2: P3 | J2: 46041 | L2: 46139 | M2: sprint-Bertha | N2: 0 | O2: 24 | P2: FILTER | Q2: unplanned-sprint | S2: YES
A3: Task | B3: FDSE-145 | C3: Side Drawer Design Changes | D3: FDSE-109 | E3: Epic | F3: Harshada Kude | G3: Open | I3: P3 | J3: 46038 | L3: 46042 | M3: sprint-Bertha | N3: 0 | O3: 8 | P3: FDSE | S3: YES
A4: Task | B4: FILTER-11713 | C4: [sprox] Securly cookie creation logic implementation | D4: FILTER-8230 | E4: Epic | F4: Ashish Temurnikar | G4: Closed | I4: P3 | J4: 46041 | L4: 46086 | M4: sprint-Bertha | N4: 20 | O4: 8 | P4: FILTER
A5: Defect | B5: FILTER-9299 | C5: NewFeatureBug: SPAC/DNS. Posts on X.com are getting logged twice. One as post and One as search. | F5: Ashish Temurnikar | G5: Reopened | H5: Fixed | I5: P2 | J5: 45861 | K5: 45863 | L5: 46083 | M5: sprint-Bertha | N5: 18 | O5: 8 | P5: FILTER
A6: Task | B6: FDSE-142 | C6: Dependabot issue fixes | F6: Harsh Verma | G6: Closed | I6: P3 | J6: 46027 | L6: 46084 | M6: sprint-Bertha | N6: 5 | O6: 8 | P6: FDSE | Q6: product-filter
A7: Task | B7: FILTER-10900 | C7: [Dependabot issues]Upgrade jspdf-autotable npm library to latest version (5.0) | F7: Harshada Kude | G7: Closed | I7: P3 | J7: 45982 | L7: 46084 | M7: sprint-Bertha | N7: 16 | O7: 0 | P7: FILTER
A8: Task | B8: FILTER-11711 | C8: [sprox] Changes certificate logic to be backward compatible with existing redis DB24 | D8: FILTER-8230 | E8: Epic | F8: Pratik Tiwari | G8: Closed | H8: Fixed | I8: P2 | J8: 46041 | K8: 46063 | L8: 46084 | M8: sprint-Bertha | N8: 12 | O8: 12 | P8: FILTER
A9: Task | B9: FILTER-9275 | C9: [SPAC] Moving cluster & proxy URL to globals | F9: Ravi Raj | G9: Closed | I9: P2 | J9: 45860 | L9: 46084 | M9: sprint-Bertha | N9: 20 | O9: 12 | P9: FILTER
A10: Defect | B10: FILTER-11581 | C10: NewFeatureBug: SupportTool Customlist API. Name field can be saved with spaces at start and end. Add/Update | F10: Sagar Satpute | G10: Closed without action | I10: P3 | J10: 46027 | L10: 46058 | M10: sprint-Bertha | N10: 0 | O10: 0 | P10: FILTER | Q10: unplanned-sprint
A11: Task | B11: FDSE-112 | C11: Implementation of Button bars as per the design | D11: FDSE-111 | E11: Epic | F11: Shailendra Singh | G11: Resolved | H11: Fixed | I11: P3 | J11: 45981 | K11: 46062 | L11: 46062 | M11: sprint-Bertha | N11: 24 | O11: 20 | P11: FDSE | Q11: product-filter
A12: Task | B12: FDSE-123 | C12: Simple search component implementation without chip and without auto-complete | D12: FDSE-122 | E12: Epic | F12: Shailendra Singh | G12: Resolved | I12: P3 | J12: 45995 | L12: 46064 | M12: sprint-Bertha | N12: 4 | O12: 24 | P12: FDSE | Q12: Capitalized-Feature, product-filter
A13: Task | B13: FDSE-126 | C13: Analysis - Search without chip but with auto-complete component implementation | D13: FDSE-174 | E13: Epic | F13: Swaroop Chavhan | G13: Resolved | I13: P3 | J13: 45995 | L13: 46127 | M13: sprint-Bertha | N13: 12 | O13: 12 | P13: FDSE | Q13: Capitalized-Feature, product-filter

Sheet P1 Escalation
A1: P1 Escalation — FILTER · sprint-Bertha (2026-01-20 → 2026-02-02)
A2: sprint-Bertha tickets where Issue Type = Escape Defect AND Priority = P1 AND summary contains 'P1 Escalation' (regardless of bucket). Total = 13.
A4: Issue Type | B4: Issue key | C4: Summary | D4: Parent key | E4: Parent type | F4: Assignee | G4: Status | H4: Resolution | I4: Priority | J4: Created | K4: Resolved | L4: Updated | M4: Sprint | N4: Time Spent | O4: Original Est | P4: Project | Q4: Labels | R4: Blockers | S4: Bucket
A5: Escape Defect | B5: FILTER-11610 | C5: P1 Escalation-CORs Errors at BlueBeam and Boomerang S3 Amazon domains | St. Vrain | F5: Ramani Cheruvu | G5: In Progress | H5: Fixed | I5: P1 | J5: 46030 | K5: 46049 | L5: 46139 | M5: sprint-Bertha | N5: 0 | O5: 0 | P5: FILTER | Q5: Reverified-2026, jira_added, jira_backlog, jira_escalated, jira_in_progress, jira_open, jira_p1, jira_reopened, p1escalation, unplanned-sprint, zendesk_enterprise | S5: Removed
A6: Escape Defect | B6: FILTER-10237 | C6: P1 escalation-Crextn-specific Bypass using upgraded credentials | F6: Ashish Modak | G6: Release in Progress | H6: Fixed | I6: P1 | J6: 45926 | K6: 45981 | L6: 46056 | M6: sprint-Bertha | N6: 6 | O6: 6 | P6: FILTER | Q6: Reverified-2025, jira_added, jira_backlog, jira_escalated, jira_in_progress, p1escalation, unplanned-sprint | S6: Completed
A7: Escape Defect | B7: FILTER-7871 | C7: P1 Escalation-Shortcut SmartPAC bypass; --user-agent | Seattleschools | F7: Ashish Temurnikar | G7: Closed | H7: Expected behavior | I7: P1 | J7: 45758 | K7: 46041 | L7: 46062 | M7: sprint-Bertha | N7: 0 | O7: 0 | P7: FILTER | Q7: Reverified-2026, jira_added, jira_backlog, jira_closed_notify, jira_escalated, jira_in_progress, jira_open, jira_reopened, p1escalation, unplanned-sprint | S7: Completed
A8: Escape Defect | B8: FILTER-8535 | C8: P1 Escalation-Google search drag and drop bypass | F8: Pratik Tiwari | G8: Closed | H8: Cannot Reproduce | I8: P1 | J8: 45807 | K8: 46079 | L8: 46079 | M8: sprint-Bertha | N8: 24 | O8: 8 | P8: FILTER | Q8: Reverified-2025, jira_added, jira_backlog, jira_escalated, jira_qa_verified, p1escalation, unplanned-sprint | S8: Completed
A9: Escape Defect | B9: FILTER-10034 | C9: P1 Escalation-YouTube blocked while doing a Google Search | F9: Shashank Tiwari | G9: Done | H9: Fixed | I9: P1 | J9: 45912 | K9: 45985 | L9: 46128 | M9: sprint-Bertha | N9: 5 | O9: 5 | P9: FILTER | Q9: jira_added, jira_closed_notify, jira_confirmation, jira_done, jira_escalated, jira_in_progress, jira_open, jira_p1, jira_p3, jira_qa_verified, jira_reopened, p1escalation, unplanned-sprint, zendesk_org_at_risk | S9: Removed
A10: Escape Defect | B10: FILTER-10392 | C10: P1 Escalation-YouTube Videos play in Gmail even when blocked in policy | Downingtown | F10: Shashank Tiwari | G10: Done | H10: Fixed | I10: P1 | J10: 45940 | K10: 46063 | L10: 46119 | M10: sprint-Bertha | N10: 16 | O10: 16 | P10: FILTER | Q10: Reverified-2025, jira_added, jira_backlog, jira_closed_notify, jira_escalated, jira_in_progress, jira_qa_verified, jira_reopened, p1escalation, unplanned-sprint | S10: Removed
A11: Escape Defect | B11: FILTER-11047 | C11: P1 Escalation-Filter bypass using Chrome://chrome-signin | Edmonds | F11: Shashank Tiwari | G11: Done | H11: Fixed | I11: P1 | J11: 45987 | K11: 46049 | L11: 46132 | M11: sprint-Bertha | N11: 17 | O11: 0 | P11: FILTER | Q11: Reverified-2025, jira_added, jira_backlog, jira_closed_notify, jira_done, jira_escalated, jira_in_progress, jira_open, jira_qa_verified, p1escalation | S11: Completed
A12: Escape Defect | B12: FILTER-11443 | C12: P1 Escalation-Chrome extension bypass using Omada DNS | F12: Shashank Tiwari | G12: Done | H12: Fixed | I12: P1 | J12: 46006 | K12: 46043 | L12: 46119 | M12: sprint-Bertha | N12: 16 | O12: 16 | P12: FILTER | Q12: jira_added, jira_closed_notify, jira_done, jira_escalated, jira_p1, zendesk_enterprise | S12: Removed
A13: Escape Defect | B13: FILTER-11557 | C13: P1 Escalation-Copy & Paste movie script into search bar breaks extension | F13: Shashank Tiwari | G13: Done | H13: Fixed | I13: P1 | J13: 46013 | K13: 46038 | L13: 46119 | M13: sprint-Bertha | N13: 10 | O13: 12 | P13: FILTER | Q13: Reverified-2026, jira_added, jira_backlog, jira_done, jira_escalated, jira_in_progress, jira_open, jira_p1, jira_qa_verified, jira_reopened, p1escalation, unplanned-sprint | S13: Completed
A14: Escape Defect | B14: FILTER-11644 | C14: P1 Escalation-Image side bar is leaking inappropriate images on iOS | F14: Shashank Tiwari | G14: Done | H14: Fixed | I14: P1 | J14: 46036 | K14: 46051 | L14: 46118 | M14: sprint-Bertha | N14: 17 | O14: 0 | P14: FILTER | Q14: jira_added, jira_closed_notify, jira_done, jira_escalated, jira_p1, zendesk_enterprise | S14: Completed
A15: Escape Defect | B15: FILTER-11654 | C15: P1 Escalation-Crextn blocking issue with Google Workspace apps | D15: FILTER-4326 | E15: Epic | F15: Shashank Tiwari | G15: QA Verified | H15: Done | I15: P1 | J15: 46037 | K15: 46118 | L15: 46140 | M15: sprint-Bertha | N15: 0 | O15: 0 | P15: FILTER | Q15: jira_added, jira_escalated, jira_in_progress, jira_open, jira_p1, jira_qa_verified, jira_resolved | S15: Removed
A16: Escape Defect | B16: FILTER-11680 | C16: P1 Escalation-[PageScan] SPAC Changes for better coverage | F16: Shashank Tiwari | G16: Done | H16: Fixed | I16: P1 | J16: 46038 | K16: 46043 | L16: 46090 | M16: sprint-Bertha | N16: 14 | O16: 0 | P16: FILTER | Q16: Reverified-2026, p1escalation, unplanned-sprint | S16: Completed
A17: Escape Defect | B17: FILTER-11777 | C17: P1 Escalation-Google search overloading/breaking chrome extension | F17: Shashank Tiwari | G17: Closed | H17: Duplicate | I17: P1 | J17: 46044 | K17: 46049 | L17: 46063 | M17: sprint-Bertha | N17: 0 | O17: 0 | P17: FILTER | Q17: Reverified-2026, jira_added, jira_backlog, jira_closed_notify, jira_escalated, p1escalation, unplanned-sprint | S17: Completed
